{
  "version": "1.0.0",
  "name": "nft_auth_program",
  "instructions": [
    {
      "name": "initialize",
      "accounts": [
        {
          "name": "programState",
          "isMut": true,
          "isSigner": false
        },
        {
          "name": "collectionMint",
          "isMut": true,
          "isSigner": false
        },
        {
          "name": "authority",
          "isMut": true,
          "isSigner": true
        },
        {
          "name": "treasury",
          "isMut": false,
          "isSigner": false
        },
        {
          "name": "systemProgram",
          "isMut": false,
          "isSigner": false
        },
        {
          "name": "tokenProgram",
          "isMut": false,
          "isSigner": false
        },
        {
          "name": "rent",
          "isMut": false,
          "isSigner": false
        }
      ],
      "args": []
    },
    {
      "name": "createCollection",
      "accounts": [
        {
          "name": "programState",
          "isMut": false,
          "isSigner": false
        },
        {
          "name": "collectionMint",
          "isMut": true,
          "isSigner": false
        },
        {
          "name": "collectionTokenAccount",
          "isMut": true,
          "isSigner": false
        },
        {
          "name": "collectionMetadata",
          "isMut": true,
          "isSigner": false
        },
        {
          "name": "collectionMasterEdition",
          "isMut": true,
          "isSigner": false
        },
        {
          "name": "authority",
          "isMut": true,
          "isSigner": true
        },
        {
          "name": "systemProgram",
          "isMut": false,
          "isSigner": false
        },
        {
          "name": "tokenProgram",
          "isMut": false,
          "isSigner": false
        },
        {
          "name": "associatedTokenProgram",
          "isMut": false,
          "isSigner": false
        },
        {
          "name": "metadataProgram",
          "isMut": false,
          "isSigner": false
        },
        {
          "name": "rent",
          "isMut": false,
          "isSigner": false
        }
      ],
      "args": [
        {
          "name": "uri",
          "type": "string"
        },
        {
          "name": "name",
          "type": "string"
        },
        {
          "name": "symbol",
          "type": "string"
        }
      ]
    },
    {
      "name": "registerProduct",
      "accounts": [
        {
          "name": "productRecord",
          "isMut": true,
          "isSigner": false
        },
        {
          "name": "authority",
          "isMut": true,
          "isSigner": true
        },
        {
          "name": "programState",
          "isMut": false,
          "isSigner": false
        },
        {
          "name": "systemProgram",
          "isMut": false,
          "isSigner": false
        }
      ],
      "args": [
        {
          "name": "qrCode",
          "type": "string"
        },
        {
          "name": "productId",
          "type": "string"
        },
        {
          "name": "metadataUri",
          "type": "string"
        }
      ]
    },
    {
      "name": "mintNft",
      "accounts": [
        {
          "name": "productRecord",
          "isMut": true,
          "isSigner": false
        },
        {
          "name": "programState",
          "isMut": true,
          "isSigner": false
        },
        {
          "name": "nftMint",
          "isMut": true,
          "isSigner": false
        },
        {
          "name": "nftTokenAccount",
          "isMut": true,
          "isSigner": false
        },
        {
          "name": "user",
          "isMut": true,
          "isSigner": true
        },
        {
          "name": "systemProgram",
          "isMut": false,
          "isSigner": false
        },
        {
          "name": "tokenProgram",
          "isMut": false,
          "isSigner": false
        },
        {
          "name": "associatedTokenProgram",
          "isMut": false,
          "isSigner": false
        }
      ],
      "args": [
        {
          "name": "qrCode",
          "type": "string"
        }
      ]
    },
    {
      "name": "createNftMetadata",
      "accounts": [
        {
          "name": "productRecord",
          "isMut": false,
          "isSigner": false
        },
        {
          "name": "programState",
          "isMut": false,
          "isSigner": false
        },
        {
          "name": "nftMint",
          "isMut": true,
          "isSigner": false
        },
        {
          "name": "nftMetadata",
          "isMut": true,
          "isSigner": false
        },
        {
          "name": "nftMasterEdition",
          "isMut": true,
          "isSigner": false
        },
        {
          "name": "user",
          "isMut": true,
          "isSigner": true
        },
        {
          "name": "systemProgram",
          "isMut": false,
          "isSigner": false
        },
        {
          "name": "tokenProgram",
          "isMut": false,
          "isSigner": false
        },
        {
          "name": "metadataProgram",
          "isMut": false,
          "isSigner": false
        },
        {
          "name": "rent",
          "isMut": false,
          "isSigner": false
        }
      ],
      "args": [
        {
          "name": "qrCode",
          "type": "string"
        }
      ]
    },
    {
      "name": "togglePause",
      "accounts": [
        {
          "name": "programState",
          "isMut": true,
          "isSigner": false
        },
        {
          "name": "authority",
          "isMut": false,
          "isSigner": true
        }
      ],
      "args": []
    }
  ],
  "accounts": [
    {
      "name": "ProgramState",
      "type": {
        "kind": "struct",
        "fields": [
          {
            "name": "authority",
            "type": "publicKey"
          },
          {
            "name": "collectionMint",
            "type": "publicKey"
          },
          {
            "name": "treasury",
            "type": "publicKey"
          },
          {
            "name": "totalSupply",
            "type": "u64"
          },
          {
            "name": "mintedCount",
            "type": "u64"
          },
          {
            "name": "paused",
            "type": "bool"
          }
        ]
      }
    },
    {
      "name": "ProductRecord",
      "type": {
        "kind": "struct",
        "fields": [
          {
            "name": "qrCode",
            "type": "string"
          },
          {
            "name": "productId",
            "type": "string"
          },
          {
            "name": "metadataUri",
            "type": "string"
          },
          {
            "name": "isClaimed",
            "type": "bool"
          },
          {
            "name": "claimedBy",
            "type": {
              "option": "publicKey"
            }
          },
          {
            "name": "nftMint",
            "type": {
              "option": "publicKey"
            }
          }
        ]
      }
    }
  ],
  "errors": [
    {
      "code": 6000,
      "name": "InvalidQRCode",
      "msg": "Invalid QR code"
    },
    {
      "code": 6001,
      "name": "AlreadyClaimed",
      "msg": "This NFT has already been claimed"
    },
    {
      "code": 6002,
      "name": "QRCodeTooLong",
      "msg": "QR code too long (max 32 characters)"
    },
    {
      "code": 6003,
      "name": "ProductIdTooLong",
      "msg": "Product ID too long (max 32 characters)"
    },
    {
      "code": 6004,
      "name": "Unauthorized",
      "msg": "Unauthorized"
    },
    {
      "code": 6005,
      "name": "ProgramPaused",
      "msg": "Program is paused"
    }
  ],
  "metadata": {
    "address": "GdcoT7hsvLJsKWebA5em5127kQvEmh9JKma2YT9CWsYz"
  },
  "address": "GdcoT7hsvLJsKWebA5em5127kQvEmh9JKma2YT9CWsYz"
}